,Prev_Key,Next_Key
0,0,25
1,0,22
2,0,50
3,0,115
4,0,4
5,0,141
6,0,1
7,0,5
8,0,65
9,0,32
10,0,33
11,0,15
12,0,7
13,0,126
14,0,89
15,0,149
16,0,0
17,0,60
18,0,71
19,0,68
20,0,47
21,0,109
22,0,112
23,0,18
24,0,27
25,0,148
26,0,35
27,0,14
28,0,81
29,1,5
30,1,7
31,1,8
32,1,1
33,1,11
34,1,4
35,1,27
36,1,47
37,1,71
38,1,30
39,1,32
40,1,33
41,1,15
42,1,35
43,1,21
44,1,23
45,1,22
46,1,68
47,1,100
48,1,66
49,1,14
50,1,18
51,1,105
52,1,89
53,1,86
54,1,25
55,1,117
56,1,122
57,1,57
58,1,130
59,1,65
60,1,109
61,1,50
62,1,51
63,1,0
64,1,141
65,1,26
66,1,112
67,1,115
68,1,134
69,1,70
70,1,88
71,1,87
72,1,150
73,1,126
74,1,60
75,1,108
76,1,162
77,1,133
78,1,98
79,1,180
80,1,200
81,1,81
82,1,177
83,1,137
84,1,210
85,1,83
86,1,149
87,1,124
88,2,3
89,2,6
90,2,10
91,2,12
92,2,13
93,2,17
94,2,19
95,2,20
96,2,58
97,2,29
98,2,31
99,2,28
100,2,56
101,2,59
102,2,46
103,2,53
104,2,2
105,2,69
106,2,64
107,2,94
108,2,125
109,2,95
110,2,61
111,2,34
112,2,63
113,2,36
114,2,114
115,2,48
116,2,49
117,2,151
118,2,106
119,2,52
120,2,140
121,2,85
122,2,90
123,2,118
124,2,156
125,2,101
126,2,67
127,2,132
128,2,91
129,2,135
130,2,187
131,2,102
132,2,181
133,2,82
134,2,16
135,2,84
136,2,154
137,2,54
138,2,111
139,2,152
140,3,28
141,3,2
142,3,29
143,3,3
144,3,31
145,3,17
146,3,34
147,3,63
148,3,36
149,3,82
150,3,90
151,3,6
152,3,91
153,3,13
154,3,46
155,3,61
156,3,67
157,3,56
158,3,10
159,3,52
160,3,53
161,3,54
162,3,106
163,3,84
164,3,12
165,3,69
166,3,95
167,3,120
168,3,131
169,3,85
170,3,58
171,3,59
172,3,64
173,3,94
174,3,129
175,3,48
176,3,42
177,3,19
178,3,140
179,3,118
180,3,157
181,3,101
182,3,49
183,3,114
184,3,111
185,3,102
186,3,116
187,3,20
188,3,135
189,3,151
190,3,156
191,3,132
192,3,107
193,3,16
194,3,202
195,3,204
196,3,208
197,3,152
198,4,0
199,4,1
200,4,4
201,4,7
202,4,18
203,4,21
204,4,22
205,4,23
206,4,25
207,4,27
208,4,57
209,4,47
210,4,51
211,4,70
212,4,15
213,4,88
214,4,33
215,4,50
216,4,65
217,4,86
218,4,89
219,4,117
220,4,122
221,4,32
222,4,124
223,4,126
224,4,35
225,4,14
226,4,133
227,4,30
228,4,71
229,4,5
230,4,112
231,4,148
232,4,11
233,4,68
234,4,66
235,4,26
236,4,87
237,4,141
238,4,100
239,4,162
240,4,105
241,4,109
242,4,166
243,4,8
244,4,130
245,4,185
246,4,60
247,4,108
248,4,83
249,4,149
250,4,150
251,5,4
252,5,11
253,5,5
254,5,32
255,5,25
256,5,23
257,5,7
258,5,51
259,5,89
260,5,98
261,5,1
262,5,47
263,5,87
264,5,88
265,5,27
266,5,15
267,5,22
268,5,86
269,5,33
270,5,35
271,5,30
272,5,57
273,5,68
274,5,108
275,5,66
276,5,150
277,5,65
278,5,50
279,5,0
280,5,14
281,5,21
282,5,141
283,5,71
284,5,26
285,5,105
286,5,60
287,5,162
288,5,100
289,5,180
290,5,128
291,5,109
292,5,200
293,5,18
294,5,148
295,6,46
296,6,2
297,6,19
298,6,17
299,6,56
300,6,6
301,6,107
302,6,3
303,6,94
304,6,59
305,6,64
306,6,53
307,6,28
308,6,13
309,6,63
310,6,85
311,6,29
312,6,10
313,6,95
314,6,67
315,6,140
316,6,52
317,6,20
318,6,90
319,6,36
320,6,132
321,6,61
322,6,152
323,6,12
324,6,54
325,6,34
326,6,48
327,6,101
328,6,16
329,6,82
330,6,58
331,6,102
332,7,5
333,7,25
334,7,11
335,7,7
336,7,1
337,7,18
338,7,23
339,7,47
340,7,4
341,7,87
342,7,88
343,7,89
344,7,57
345,7,15
346,7,14
347,7,27
348,7,32
349,7,33
350,7,134
351,7,66
352,7,65
353,7,0
354,7,109
355,7,71
356,7,51
357,7,86
358,7,22
359,7,141
360,7,68
361,7,30
362,7,115
363,7,150
364,7,105
365,7,21
366,7,35
367,7,100
368,7,149
369,7,8
370,7,148
371,7,110
372,7,50
373,7,200
374,7,126
375,7,70
376,7,112
377,8,25
378,8,47
379,8,7
380,8,115
381,8,4
382,8,1
383,8,51
384,9,2
385,9,9
386,9,63
387,9,36
388,9,17
389,9,34
390,9,67
391,9,13
392,9,56
393,9,10
394,9,85
395,9,3
396,9,49
397,9,95
398,9,111
399,9,59
400,9,140
401,9,151
402,10,12
403,10,20
404,10,10
405,10,3
406,10,64
407,10,28
408,10,2
409,10,118
410,10,13
411,10,17
412,10,46
413,10,36
414,10,34
415,10,31
416,10,63
417,10,85
418,10,58
419,10,52
420,10,6
421,10,19
422,10,56
423,10,53
424,10,59
425,10,94
426,10,135
427,10,48
428,10,140
429,10,106
430,10,41
431,10,67
432,10,114
433,10,9
434,10,181
435,10,90
436,10,151
437,10,152
438,10,54
439,10,95
440,10,61
441,10,49
442,11,1
443,11,5
444,11,25
445,11,51
446,11,18
447,11,7
448,11,15
449,11,89
450,11,22
451,11,86
452,11,4
453,11,65
454,11,27
455,11,32
456,11,33
457,11,11
458,11,87
459,11,88
460,11,14
461,11,47
462,11,35
463,11,108
464,11,149
465,11,26
466,11,0
467,11,141
468,11,98
469,11,68
470,11,23
471,11,66
472,11,21
473,11,180
474,11,81
475,11,50
476,11,109
477,11,110
478,11,134
479,11,100
480,11,71
481,11,60
482,11,62
483,11,117
484,12,3
485,12,17
486,12,69
487,12,13
488,12,58
489,12,48
490,12,61
491,12,85
492,12,12
493,12,2
494,12,102
495,12,46
496,12,56
497,12,28
498,12,63
499,12,36
500,12,34
501,12,10
502,12,106
503,12,53
504,12,52
505,12,64
506,12,94
507,12,6
508,12,140
509,12,59
510,12,151
511,12,67
512,12,19
513,12,29
514,12,20
515,12,95
516,12,107
517,12,16
518,12,101
519,12,181
520,12,116
521,12,212
522,12,111
523,13,9
524,13,10
525,13,3
526,13,12
527,13,13
528,13,6
529,13,53
530,13,52
531,13,31
532,13,84
533,13,17
534,13,85
535,13,2
536,13,56
537,13,19
538,13,61
539,13,28
540,13,58
541,13,94
542,13,59
543,13,64
544,13,63
545,13,34
546,13,46
547,13,67
548,13,118
549,13,36
550,13,129
551,13,107
552,13,135
553,13,116
554,13,48
555,13,152
556,13,90
557,13,140
558,13,95
559,13,29
560,13,151
561,13,101
562,13,20
563,13,49
564,13,69
565,13,54
566,13,106
567,13,157
568,13,91
569,13,102
570,14,65
571,14,32
572,14,15
573,14,4
574,14,1
575,14,27
576,14,7
577,14,57
578,14,66
579,14,100
580,14,11
581,14,98
582,14,5
583,14,47
584,14,105
585,14,51
586,14,71
587,14,33
588,14,35
589,14,30
590,14,145
591,14,14
592,14,68
593,14,89
594,14,141
595,14,23
596,14,25
597,14,62
598,14,22
599,14,86
600,14,18
601,14,109
602,14,60
603,14,150
604,14,0
605,14,8
606,14,88
607,14,115
608,14,167
609,14,83
610,15,14
611,15,15
612,15,7
613,15,4
614,15,1
615,15,11
616,15,32
617,15,47
618,15,35
619,15,33
620,15,5
621,15,66
622,15,8
623,15,27
624,15,88
625,15,26
626,15,57
627,15,18
628,15,25
629,15,22
630,15,86
631,15,87
632,15,51
633,15,134
634,15,68
635,15,30
636,15,0
637,15,145
638,15,23
639,15,89
640,15,148
641,15,65
642,15,141
643,15,71
644,15,149
645,15,150
646,15,62
647,15,21
648,15,109
649,15,50
650,15,98
651,15,100
652,15,105
653,15,166
654,15,162
655,15,185
656,15,130
657,15,112
658,15,126
659,15,60
660,16,49
661,16,13
662,16,17
663,16,20
664,16,28
665,16,3
666,16,2
667,16,12
668,16,52
669,16,31
670,16,19
671,16,63
672,16,58
673,16,90
674,17,2
675,17,3
676,17,6
677,17,10
678,17,16
679,17,19
680,17,48
681,17,17
682,17,49
683,17,12
684,17,52
685,17,13
686,17,61
687,17,53
688,17,67
689,17,63
690,17,56
691,17,64
692,17,84
693,17,31
694,17,28
695,17,94
696,17,34
697,17,69
698,17,36
699,17,58
700,17,140
701,17,85
702,17,59
703,17,90
704,17,20
705,17,156
706,17,118
707,17,106
708,17,135
709,17,95
710,17,152
711,17,151
712,17,102
713,17,46
714,17,54
715,17,91
716,17,132
717,17,93
718,17,9
719,17,187
720,17,171
721,17,101
722,17,29
723,18,7
724,18,47
725,18,4
726,18,11
727,18,65
728,18,22
729,18,86
730,18,23
731,18,15
732,18,1
733,18,89
734,18,88
735,18,148
736,18,14
737,18,18
738,18,149
739,18,71
740,18,117
741,18,25
742,18,21
743,18,51
744,19,56
745,19,64
746,19,2
747,19,46
748,19,3
749,19,28
750,19,12
751,19,140
752,19,85
753,19,53
754,19,95
755,19,49
756,19,13
757,19,58
758,19,17
759,19,59
760,19,19
761,19,135
762,19,63
763,19,101
764,19,67
765,19,52
766,19,106
767,19,6
768,19,94
769,19,20
770,19,10
771,19,90
772,19,31
773,19,36
774,19,34
775,19,9
776,19,152
777,19,114
778,19,16
779,20,90
780,20,20
781,20,64
782,20,12
783,20,3
784,20,28
785,20,17
786,20,34
787,20,63
788,20,36
789,20,59
790,20,13
791,20,10
792,20,2
793,21,7
794,21,65
795,21,15
796,21,27
797,21,25
798,21,71
799,21,4
800,21,86
801,21,32
802,21,89
803,21,1
804,21,51
805,21,33
806,21,14
807,22,86
808,22,4
809,22,25
810,22,89
811,22,7
812,22,5
813,22,32
814,22,22
815,22,65
816,22,1
817,22,117
818,22,87
819,22,50
820,22,27
821,22,57
822,22,30
823,22,15
824,22,35
825,22,33
826,22,68
827,22,23
828,22,51
829,22,18
830,22,134
831,22,47
832,22,11
833,22,109
834,22,0
835,22,150
836,22,88
837,22,14
838,22,148
839,22,62
840,22,105
841,22,141
842,23,7
843,23,1
844,23,62
845,23,11
846,23,15
847,23,27
848,23,25
849,23,47
850,23,71
851,23,141
852,23,23
853,23,66
854,23,32
855,23,4
856,23,51
857,23,14
858,23,68
859,23,65
860,23,5
861,23,109
862,23,150
863,23,166
864,23,115
865,23,86
866,23,89
867,23,22
868,23,87
869,23,88
870,23,33
871,23,30
872,23,35
873,23,18
874,23,0
875,23,26
876,23,100
877,23,21
878,23,105
879,25,18
880,25,25
881,25,8
882,25,1
883,25,11
884,25,7
885,25,26
886,25,27
887,25,14
888,25,51
889,25,60
890,25,86
891,25,23
892,25,4
893,25,57
894,25,68
895,25,89
896,25,15
897,25,35
898,25,65
899,25,32
900,25,5
901,25,50
902,25,30
903,25,105
904,25,22
905,25,137
906,25,134
907,25,100
908,25,155
909,25,47
910,25,162
911,25,33
912,25,115
913,25,21
914,25,71
915,25,141
916,25,66
917,25,87
918,25,76
919,25,75
920,25,167
921,25,150
922,25,98
923,25,190
924,25,180
925,25,81
926,25,128
927,25,0
928,25,109
929,25,117
930,25,88
931,26,141
932,26,134
933,26,14
934,26,124
935,26,130
936,26,185
937,26,1
938,26,47
939,26,32
940,26,5
941,26,15
942,26,23
943,26,18
944,26,65
945,26,4
946,26,26
947,26,27
948,27,4
949,27,21
950,27,1
951,27,27
952,27,7
953,27,30
954,27,32
955,27,33
956,27,15
957,27,35
958,27,75
959,27,76
960,27,81
961,27,25
962,27,89
963,27,22
964,27,86
965,27,51
966,27,18
967,27,14
968,27,83
969,27,65
970,27,11
971,27,57
972,27,108
973,27,115
974,27,47
975,27,109
976,27,0
977,27,70
978,27,66
979,27,68
980,27,50
981,27,5
982,27,23
983,27,71
984,27,150
985,27,87
986,27,88
987,27,141
988,27,105
989,27,185
990,27,98
991,27,200
992,27,162
993,27,26
994,28,13
995,28,28
996,28,93
997,28,56
998,28,94
999,28,53
1000,28,59
1001,28,17
1002,28,34
1003,28,63
1004,28,36
1005,28,3
1006,28,85
1007,28,64
1008,28,12
1009,28,2
1010,28,69
1011,28,95
1012,28,61
1013,28,10
1014,28,46
1015,28,31
1016,28,58
1017,28,48
1018,28,20
1019,28,6
1020,28,135
1021,28,52
1022,28,19
1023,28,151
1024,28,49
1025,28,140
1026,28,41
1027,28,106
1028,28,102
1029,28,101
1030,28,118
1031,28,67
1032,28,107
1033,28,91
1034,28,90
1035,28,54
1036,28,84
1037,28,152
1038,29,2
1039,29,17
1040,29,29
1041,29,48
1042,29,140
1043,29,13
1044,29,28
1045,29,53
1046,29,46
1047,29,94
1048,29,63
1049,29,59
1050,29,20
1051,29,90
1052,29,85
1053,29,56
1054,29,3
1055,29,64
1056,30,1
1057,30,27
1058,30,51
1059,30,4
1060,30,57
1061,30,89
1062,30,25
1063,30,86
1064,30,22
1065,30,32
1066,30,0
1067,30,7
1068,30,15
1069,30,47
1070,30,71
1071,30,5
1072,30,14
1073,30,83
1074,30,11
1075,30,65
1076,30,30
1077,30,141
1078,30,33
1079,30,68
1080,30,18
1081,30,100
1082,30,149
1083,30,109
1084,31,3
1085,31,28
1086,31,2
1087,31,61
1088,31,13
1089,31,36
1090,31,12
1091,31,63
1092,31,17
1093,31,10
1094,31,53
1095,31,140
1096,31,56
1097,31,85
1098,31,64
1099,31,94
1100,31,54
1101,32,15
1102,32,4
1103,32,65
1104,32,66
1105,32,7
1106,32,25
1107,32,23
1108,32,1
1109,32,0
1110,32,11
1111,32,68
1112,32,27
1113,32,22
1114,32,32
1115,32,86
1116,32,89
1117,32,30
1118,32,33
1119,32,35
1120,32,57
1121,32,141
1122,32,112
1123,32,18
1124,32,47
1125,32,88
1126,32,108
1127,32,14
1128,32,109
1129,32,5
1130,32,115
1131,32,150
1132,32,71
1133,32,50
1134,32,87
1135,32,149
1136,32,200
1137,32,51
1138,32,26
1139,32,100
1140,32,134
1141,32,166
1142,32,148
1143,33,109
1144,33,1
1145,33,27
1146,33,33
1147,33,15
1148,33,35
1149,33,32
1150,33,65
1151,33,25
1152,33,89
1153,33,22
1154,33,86
1155,33,7
1156,33,51
1157,33,14
1158,33,30
1159,33,4
1160,33,47
1161,33,18
1162,33,23
1163,33,5
1164,33,11
1165,33,141
1166,33,57
1167,34,56
1168,34,114
1169,34,53
1170,34,132
1171,34,31
1172,34,2
1173,34,3
1174,34,28
1175,34,63
1176,34,64
1177,34,94
1178,34,140
1179,34,85
1180,34,58
1181,34,36
1182,34,13
1183,34,59
1184,34,52
1185,34,10
1186,34,48
1187,34,17
1188,34,49
1189,34,202
1190,34,106
1191,34,6
1192,35,109
1193,35,7
1194,35,51
1195,35,1
1196,35,5
1197,35,18
1198,35,4
1199,35,68
1200,35,27
1201,35,25
1202,35,89
1203,35,14
1204,35,0
1205,35,32
1206,35,33
1207,35,30
1208,35,15
1209,35,86
1210,35,65
1211,35,35
1212,35,22
1213,35,47
1214,35,8
1215,35,87
1216,35,88
1217,35,200
1218,36,3
1219,36,28
1220,36,2
1221,36,61
1222,36,13
1223,36,31
1224,36,56
1225,36,94
1226,36,53
1227,36,59
1228,36,17
1229,36,156
1230,36,101
1231,36,12
1232,36,64
1233,36,118
1234,36,34
1235,36,85
1236,36,106
1237,36,63
1238,36,36
1239,36,6
1240,36,19
1241,36,16
1242,36,54
1243,36,95
1244,36,102
1245,36,46
1246,36,140
1247,36,10
1248,36,84
1249,41,42
1250,41,10
1251,41,41
1252,41,19
1253,41,17
1254,41,2
1255,41,3
1256,41,6
1257,41,171
1258,42,2
1259,42,28
1260,42,17
1261,42,34
1262,42,13
1263,42,31
1264,46,13
1265,46,90
1266,46,20
1267,46,28
1268,46,3
1269,46,132
1270,46,53
1271,46,118
1272,46,157
1273,46,2
1274,46,17
1275,46,6
1276,46,12
1277,46,52
1278,46,95
1279,46,152
1280,46,85
1281,46,63
1282,46,36
1283,46,58
1284,46,106
1285,46,10
1286,46,46
1287,46,64
1288,46,34
1289,46,49
1290,46,19
1291,46,114
1292,46,212
1293,46,107
1294,47,32
1295,47,60
1296,47,22
1297,47,70
1298,47,15
1299,47,4
1300,47,11
1301,47,1
1302,47,5
1303,47,27
1304,47,7
1305,47,68
1306,47,47
1307,47,14
1308,47,25
1309,47,51
1310,47,30
1311,47,141
1312,47,66
1313,47,35
1314,47,33
1315,47,21
1316,47,23
1317,47,150
1318,47,86
1319,47,65
1320,47,109
1321,47,115
1322,47,71
1323,48,129
1324,48,3
1325,48,59
1326,48,42
1327,48,28
1328,48,2
1329,48,13
1330,48,17
1331,48,12
1332,48,53
1333,48,94
1334,48,140
1335,48,48
1336,48,63
1337,48,67
1338,48,19
1339,48,58
1340,48,36
1341,48,34
1342,48,10
1343,48,151
1344,48,118
1345,48,202
1346,48,106
1347,48,64
1348,49,19
1349,49,17
1350,49,34
1351,49,13
1352,49,58
1353,49,135
1354,49,118
1355,49,64
1356,49,3
1357,49,56
1358,49,28
1359,49,12
1360,49,67
1361,49,2
1362,49,10
1363,49,46
1364,49,48
1365,49,49
1366,49,63
1367,49,36
1368,50,87
1369,50,4
1370,50,89
1371,50,22
1372,50,65
1373,50,86
1374,50,117
1375,50,25
1376,50,50
1377,50,27
1378,50,66
1379,50,7
1380,50,15
1381,50,35
1382,50,1
1383,50,5
1384,50,100
1385,50,71
1386,50,32
1387,50,33
1388,50,68
1389,50,11
1390,50,14
1391,50,105
1392,50,110
1393,50,51
1394,50,141
1395,51,14
1396,51,1
1397,51,33
1398,51,27
1399,51,15
1400,51,35
1401,51,7
1402,51,134
1403,51,30
1404,51,50
1405,51,115
1406,51,25
1407,51,4
1408,51,11
1409,51,47
1410,51,88
1411,51,108
1412,51,89
1413,51,51
1414,51,150
1415,51,5
1416,51,22
1417,51,86
1418,51,0
1419,51,141
1420,51,32
1421,51,66
1422,51,65
1423,51,23
1424,51,18
1425,51,60
1426,51,128
1427,51,26
1428,51,57
1429,51,83
1430,51,210
1431,52,13
1432,52,67
1433,52,17
1434,52,2
1435,52,61
1436,52,3
1437,52,28
1438,52,56
1439,52,59
1440,52,53
1441,52,10
1442,52,85
1443,52,58
1444,52,140
1445,52,12
1446,52,29
1447,52,6
1448,52,94
1449,52,63
1450,52,31
1451,52,114
1452,52,19
1453,52,34
1454,52,152
1455,52,125
1456,52,187
1457,52,48
1458,52,106
1459,52,156
1460,53,6
1461,53,13
1462,53,19
1463,53,20
1464,53,12
1465,53,3
1466,53,53
1467,53,59
1468,53,52
1469,53,10
1470,53,28
1471,53,56
1472,53,2
1473,53,69
1474,53,17
1475,53,94
1476,53,64
1477,53,116
1478,53,93
1479,53,111
1480,53,48
1481,53,90
1482,53,63
1483,53,58
1484,53,95
1485,53,31
1486,53,46
1487,53,135
1488,53,91
1489,53,67
1490,53,29
1491,53,34
1492,53,36
1493,53,42
1494,53,41
1495,53,151
1496,53,102
1497,53,140
1498,53,171
1499,53,189
1500,53,181
1501,53,82
1502,53,106
1503,53,202
1504,53,132
1505,53,101
1506,53,118
1507,53,84
1508,53,107
1509,53,85
1510,53,61
1511,53,54
1512,53,152
1513,54,56
1514,54,28
1515,54,3
1516,54,85
1517,54,53
1518,54,95
1519,54,64
1520,54,2
1521,54,13
1522,54,31
1523,56,94
1524,56,63
1525,56,36
1526,56,2
1527,56,3
1528,56,59
1529,56,53
1530,56,64
1531,56,116
1532,56,56
1533,56,118
1534,56,31
1535,56,28
1536,56,120
1537,56,12
1538,56,17
1539,56,34
1540,56,67
1541,56,48
1542,56,111
1543,56,58
1544,56,13
1545,56,69
1546,56,6
1547,56,19
1548,56,61
1549,56,85
1550,56,90
1551,56,135
1552,56,10
1553,56,106
1554,56,101
1555,56,52
1556,56,202
1557,56,204
1558,56,151
1559,56,9
1560,56,20
1561,56,93
1562,56,95
1563,56,132
1564,56,107
1565,56,49
1566,56,54
1567,56,84
1568,56,16
1569,57,88
1570,57,89
1571,57,22
1572,57,62
1573,57,7
1574,57,30
1575,57,4
1576,57,15
1577,57,1
1578,57,18
1579,57,57
1580,57,14
1581,57,83
1582,57,25
1583,57,27
1584,57,50
1585,57,86
1586,57,65
1587,57,35
1588,57,32
1589,57,47
1590,58,13
1591,58,9
1592,58,2
1593,58,58
1594,58,6
1595,58,56
1596,58,46
1597,58,3
1598,58,10
1599,58,17
1600,58,63
1601,58,114
1602,58,19
1603,58,53
1604,58,28
1605,58,61
1606,58,132
1607,58,52
1608,58,85
1609,58,140
1610,58,106
1611,58,12
1612,58,90
1613,58,20
1614,58,64
1615,58,34
1616,58,59
1617,58,94
1618,58,67
1619,58,107
1620,58,54
1621,58,31
1622,58,36
1623,58,111
1624,58,91
1625,58,181
1626,58,48
1627,59,3
1628,59,95
1629,59,6
1630,59,56
1631,59,64
1632,59,94
1633,59,53
1634,59,118
1635,59,28
1636,59,90
1637,59,2
1638,59,59
1639,59,12
1640,59,17
1641,59,34
1642,59,63
1643,59,36
1644,59,85
1645,59,13
1646,59,46
1647,59,69
1648,59,156
1649,59,135
1650,59,58
1651,59,19
1652,59,67
1653,59,10
1654,59,140
1655,59,82
1656,59,151
1657,59,91
1658,59,49
1659,59,61
1660,59,31
1661,60,4
1662,60,1
1663,60,161
1664,60,88
1665,60,11
1666,60,7
1667,60,18
1668,60,15
1669,60,47
1670,60,5
1671,60,25
1672,60,27
1673,60,51
1674,60,22
1675,60,70
1676,60,60
1677,60,89
1678,60,65
1679,60,87
1680,61,3
1681,61,2
1682,61,58
1683,61,6
1684,61,53
1685,61,12
1686,61,13
1687,61,95
1688,61,10
1689,61,28
1690,61,17
1691,61,106
1692,61,63
1693,61,20
1694,61,59
1695,61,85
1696,61,56
1697,61,156
1698,61,34
1699,61,36
1700,61,61
1701,61,64
1702,61,90
1703,61,118
1704,61,31
1705,61,94
1706,61,111
1707,61,93
1708,62,71
1709,62,4
1710,62,25
1711,62,27
1712,62,7
1713,62,134
1714,62,22
1715,62,68
1716,63,36
1717,63,3
1718,63,2
1719,63,41
1720,63,42
1721,63,28
1722,63,9
1723,63,13
1724,63,46
1725,63,54
1726,63,63
1727,63,64
1728,63,17
1729,63,85
1730,63,6
1731,63,10
1732,63,61
1733,63,52
1734,63,12
1735,63,114
1736,63,20
1737,63,58
1738,63,34
1739,63,95
1740,63,94
1741,63,31
1742,63,53
1743,63,59
1744,63,56
1745,63,19
1746,63,67
1747,63,140
1748,63,91
1749,63,106
1750,63,187
1751,63,131
1752,63,125
1753,63,102
1754,63,118
1755,63,202
1756,63,152
1757,64,101
1758,64,111
1759,64,94
1760,64,116
1761,64,53
1762,64,90
1763,64,2
1764,64,59
1765,64,56
1766,64,129
1767,64,118
1768,64,3
1769,64,28
1770,64,67
1771,64,48
1772,64,17
1773,64,34
1774,64,63
1775,64,64
1776,64,41
1777,64,42
1778,64,13
1779,64,54
1780,64,19
1781,64,12
1782,64,6
1783,64,85
1784,64,114
1785,64,140
1786,64,58
1787,64,151
1788,64,10
1789,64,31
1790,64,49
1791,64,106
1792,64,95
1793,64,36
1794,64,135
1795,64,91
1796,64,52
1797,64,202
1798,64,152
1799,64,46
1800,65,1
1801,65,83
1802,65,7
1803,65,30
1804,65,27
1805,65,4
1806,65,14
1807,65,117
1808,65,25
1809,65,87
1810,65,89
1811,65,22
1812,65,50
1813,65,60
1814,65,66
1815,65,51
1816,65,47
1817,65,32
1818,65,15
1819,65,86
1820,65,68
1821,65,11
1822,65,21
1823,65,141
1824,65,5
1825,65,65
1826,65,109
1827,65,33
1828,65,35
1829,65,98
1830,65,23
1831,65,162
1832,65,71
1833,65,18
1834,65,57
1835,65,100
1836,66,4
1837,66,15
1838,66,14
1839,66,7
1840,66,145
1841,66,25
1842,66,1
1843,66,50
1844,66,5
1845,66,65
1846,66,134
1847,66,22
1848,66,88
1849,66,27
1850,66,141
1851,66,11
1852,66,68
1853,66,71
1854,66,23
1855,66,32
1856,66,47
1857,66,89
1858,66,66
1859,66,105
1860,66,35
1861,66,86
1862,66,33
1863,66,162
1864,66,0
1865,66,100
1866,66,126
1867,66,177
1868,66,180
1869,66,149
1870,66,18
1871,67,2
1872,67,12
1873,67,3
1874,67,52
1875,67,61
1876,67,28
1877,67,17
1878,67,13
1879,67,95
1880,67,135
1881,67,118
1882,67,56
1883,67,53
1884,67,20
1885,67,10
1886,67,48
1887,67,58
1888,67,63
1889,67,36
1890,67,19
1891,67,91
1892,67,140
1893,67,34
1894,67,64
1895,67,67
1896,67,102
1897,67,171
1898,67,129
1899,67,46
1900,67,101
1901,67,16
1902,67,54
1903,68,65
1904,68,47
1905,68,1
1906,68,88
1907,68,15
1908,68,7
1909,68,0
1910,68,27
1911,68,4
1912,68,89
1913,68,26
1914,68,25
1915,68,134
1916,68,14
1917,68,86
1918,68,22
1919,68,105
1920,68,5
1921,68,32
1922,68,23
1923,68,141
1924,68,11
1925,68,109
1926,68,60
1927,68,100
1928,68,155
1929,68,21
1930,68,8
1931,68,68
1932,68,150
1933,68,71
1934,68,87
1935,69,2
1936,69,28
1937,69,53
1938,69,59
1939,69,3
1940,69,12
1941,69,17
1942,69,69
1943,69,67
1944,69,20
1945,69,135
1946,70,47
1947,70,22
1948,70,11
1949,70,25
1950,71,4
1951,71,57
1952,71,7
1953,71,1
1954,71,65
1955,71,66
1956,71,15
1957,71,35
1958,71,32
1959,71,30
1960,71,0
1961,71,33
1962,71,47
1963,71,26
1964,71,68
1965,71,115
1966,71,25
1967,71,23
1968,71,71
1969,71,5
1970,71,22
1971,71,89
1972,71,134
1973,71,27
1974,71,14
1975,71,11
1976,71,141
1977,71,87
1978,71,98
1979,75,76
1980,75,14
1981,75,75
1982,76,76
1983,76,23
1984,76,65
1985,76,32
1986,76,33
1987,76,15
1988,76,35
1989,76,4
1990,81,1
1991,81,18
1992,81,5
1993,81,32
1994,81,15
1995,82,102
1996,82,171
1997,82,129
1998,82,67
1999,82,2
2000,82,3
2001,82,6
2002,82,17
2003,82,91
2004,82,63
2005,83,4
2006,83,57
2007,83,1
2008,83,47
2009,83,15
2010,83,68
2011,83,27
2012,83,7
2013,83,30
2014,83,86
2015,83,65
2016,84,2
2017,84,61
2018,84,3
2019,84,58
2020,84,17
2021,84,85
2022,85,53
2023,85,94
2024,85,63
2025,85,3
2026,85,28
2027,85,6
2028,85,13
2029,85,16
2030,85,19
2031,85,20
2032,85,17
2033,85,58
2034,85,2
2035,85,12
2036,85,36
2037,85,59
2038,85,56
2039,85,85
2040,85,10
2041,85,52
2042,85,140
2043,85,64
2044,85,67
2045,85,48
2046,85,29
2047,85,101
2048,85,46
2049,85,90
2050,86,22
2051,86,27
2052,86,25
2053,86,32
2054,86,4
2055,86,57
2056,86,86
2057,86,68
2058,86,1
2059,86,11
2060,86,89
2061,86,65
2062,86,117
2063,86,87
2064,86,122
2065,86,7
2066,86,66
2067,86,141
2068,86,0
2069,86,5
2070,86,23
2071,86,33
2072,86,15
2073,86,35
2074,86,14
2075,86,30
2076,86,134
2077,86,71
2078,86,47
2079,86,18
2080,86,51
2081,86,162
2082,86,150
2083,86,109
2084,86,88
2085,86,108
2086,86,148
2087,86,21
2088,87,88
2089,87,1
2090,87,21
2091,87,11
2092,87,4
2093,87,89
2094,87,22
2095,87,65
2096,87,86
2097,87,117
2098,87,25
2099,87,128
2100,87,14
2101,87,5
2102,87,32
2103,87,47
2104,87,150
2105,87,7
2106,87,141
2107,87,87
2108,87,27
2109,87,15
2110,87,100
2111,87,23
2112,87,210
2113,87,57
2114,87,83
2115,88,27
2116,88,1
2117,88,89
2118,88,66
2119,88,22
2120,88,23
2121,88,86
2122,88,71
2123,88,4
2124,88,15
2125,88,14
2126,88,141
2127,88,109
2128,88,7
2129,88,162
2130,88,32
2131,88,65
2132,88,51
2133,89,1
2134,89,18
2135,89,5
2136,89,68
2137,89,15
2138,89,32
2139,89,47
2140,89,7
2141,89,71
2142,89,4
2143,89,65
2144,89,27
2145,89,57
2146,89,33
2147,89,35
2148,89,22
2149,89,86
2150,89,14
2151,89,89
2152,89,0
2153,89,25
2154,89,23
2155,89,21
2156,89,11
2157,89,70
2158,89,150
2159,89,76
2160,89,134
2161,89,66
2162,89,109
2163,89,108
2164,89,62
2165,89,100
2166,89,51
2167,89,105
2168,89,149
2169,89,30
2170,89,26
2171,90,20
2172,90,58
2173,90,3
2174,90,2
2175,90,59
2176,90,56
2177,90,94
2178,90,116
2179,90,53
2180,90,90
2181,90,13
2182,90,28
2183,90,52
2184,90,19
2185,90,17
2186,90,63
2187,90,12
2188,90,34
2189,90,156
2190,90,29
2191,90,132
2192,90,151
2193,91,2
2194,91,13
2195,91,9
2196,91,106
2197,91,17
2198,91,67
2199,91,53
2200,91,91
2201,91,58
2202,91,3
2203,91,63
2204,91,34
2205,91,64
2206,91,151
2207,91,20
2208,91,59
2209,93,2
2210,93,61
2211,93,3
2212,93,85
2213,93,46
2214,93,28
2215,93,53
2216,93,13
2217,93,93
2218,93,17
2219,93,34
2220,93,63
2221,93,20
2222,93,59
2223,93,140
2224,93,94
2225,94,28
2226,94,63
2227,94,34
2228,94,3
2229,94,10
2230,94,17
2231,94,102
2232,94,116
2233,94,53
2234,94,119
2235,94,120
2236,94,59
2237,94,56
2238,94,94
2239,94,127
2240,94,118
2241,94,90
2242,94,2
2243,94,12
2244,94,69
2245,94,61
2246,94,64
2247,94,36
2248,94,6
2249,94,58
2250,94,13
2251,94,52
2252,94,19
2253,94,54
2254,94,31
2255,94,46
2256,94,95
2257,94,140
2258,94,85
2259,94,151
2260,94,106
2261,94,101
2262,94,132
2263,95,17
2264,95,54
2265,95,13
2266,95,53
2267,95,19
2268,95,56
2269,95,28
2270,95,2
2271,95,69
2272,95,3
2273,95,94
2274,95,31
2275,95,59
2276,95,34
2277,95,58
2278,95,93
2279,95,12
2280,95,64
2281,95,52
2282,95,61
2283,95,95
2284,95,118
2285,98,5
2286,98,25
2287,98,27
2288,98,22
2289,98,4
2290,98,1
2291,98,51
2292,98,14
2293,98,32
2294,98,126
2295,98,11
2296,98,15
2297,98,47
2298,98,65
2299,98,26
2300,98,124
2301,98,130
2302,98,186
2303,98,190
2304,98,81
2305,98,98
2306,98,185
2307,98,7
2308,100,155
2309,100,1
2310,100,18
2311,100,134
2312,100,50
2313,100,25
2314,100,148
2315,100,22
2316,100,4
2317,100,15
2318,100,68
2319,100,7
2320,100,71
2321,100,32
2322,100,33
2323,100,62
2324,100,100
2325,100,11
2326,100,27
2327,100,51
2328,100,14
2329,100,35
2330,100,89
2331,100,162
2332,100,86
2333,100,8
2334,100,117
2335,100,5
2336,101,3
2337,101,12
2338,101,101
2339,101,67
2340,101,10
2341,101,154
2342,101,95
2343,101,2
2344,101,53
2345,101,135
2346,101,118
2347,101,6
2348,101,85
2349,101,52
2350,101,13
2351,101,64
2352,101,17
2353,101,91
2354,101,63
2355,101,106
2356,101,56
2357,101,19
2358,101,94
2359,101,46
2360,101,20
2361,101,93
2362,101,69
2363,101,157
2364,101,28
2365,101,31
2366,102,129
2367,102,131
2368,102,53
2369,102,12
2370,102,102
2371,102,13
2372,102,52
2373,102,125
2374,102,2
2375,102,3
2376,102,132
2377,102,127
2378,102,64
2379,102,28
2380,102,31
2381,102,61
2382,102,10
2383,102,17
2384,102,54
2385,105,1
2386,105,68
2387,105,23
2388,106,3
2389,106,85
2390,106,59
2391,106,58
2392,106,63
2393,106,17
2394,106,28
2395,106,36
2396,106,19
2397,106,56
2398,106,94
2399,106,53
2400,106,34
2401,106,2
2402,106,140
2403,106,91
2404,106,10
2405,106,64
2406,106,106
2407,106,20
2408,106,114
2409,106,13
2410,106,9
2411,106,6
2412,106,107
2413,106,93
2414,106,118
2415,106,202
2416,106,12
2417,107,85
2418,107,140
2419,107,3
2420,107,59
2421,107,52
2422,107,13
2423,107,46
2424,107,2
2425,107,212
2426,107,10
2427,107,6
2428,107,63
2429,107,67
2430,107,17
2431,108,87
2432,108,7
2433,108,149
2434,108,26
2435,108,14
2436,108,141
2437,108,47
2438,108,150
2439,108,4
2440,108,1
2441,108,86
2442,108,23
2443,108,25
2444,108,5
2445,108,100
2446,108,105
2447,108,27
2448,109,100
2449,109,112
2450,109,25
2451,109,89
2452,109,1
2453,109,27
2454,109,15
2455,109,32
2456,109,4
2457,109,68
2458,109,141
2459,109,7
2460,109,148
2461,109,149
2462,109,66
2463,109,11
2464,109,26
2465,109,65
2466,109,23
2467,109,47
2468,109,115
2469,109,109
2470,109,88
2471,109,8
2472,109,162
2473,109,5
2474,109,14
2475,109,22
2476,109,50
2477,109,200
2478,109,86
2479,109,18
2480,110,11
2481,110,25
2482,110,65
2483,110,1
2484,110,5
2485,111,53
2486,111,6
2487,111,13
2488,111,151
2489,111,118
2490,112,25
2491,112,27
2492,112,7
2493,112,1
2494,112,33
2495,112,89
2496,112,60
2497,112,5
2498,114,31
2499,114,140
2500,114,19
2501,114,20
2502,114,13
2503,114,9
2504,114,106
2505,114,17
2506,115,7
2507,115,141
2508,115,109
2509,115,1
2510,115,27
2511,115,23
2512,115,25
2513,115,89
2514,115,22
2515,116,53
2516,116,90
2517,116,2
2518,116,59
2519,116,94
2520,116,56
2521,116,116
2522,116,3
2523,116,13
2524,117,32
2525,117,27
2526,117,15
2527,117,4
2528,117,51
2529,117,14
2530,117,7
2531,117,87
2532,117,22
2533,118,69
2534,118,3
2535,118,28
2536,118,2
2537,118,13
2538,118,107
2539,118,93
2540,118,95
2541,118,17
2542,118,58
2543,118,52
2544,118,67
2545,118,63
2546,118,12
2547,118,94
2548,118,53
2549,118,140
2550,118,85
2551,118,10
2552,118,202
2553,118,152
2554,118,19
2555,118,64
2556,118,118
2557,118,90
2558,118,59
2559,119,59
2560,119,56
2561,119,94
2562,119,116
2563,119,53
2564,119,120
2565,120,131
2566,120,125
2567,120,3
2568,122,195
2569,124,130
2570,124,25
2571,124,11
2572,124,180
2573,124,190
2574,124,4
2575,124,66
2576,124,98
2577,124,1
2578,124,87
2579,124,32
2580,124,15
2581,124,162
2582,125,12
2583,126,33
2584,126,15
2585,126,35
2586,126,32
2587,126,7
2588,126,51
2589,127,129
2590,128,128
2591,128,182
2592,129,129
2593,129,28
2594,129,2
2595,130,98
2596,130,185
2597,130,186
2598,131,2
2599,131,53
2600,131,12
2601,131,181
2602,131,102
2603,131,187
2604,131,3
2605,131,90
2606,131,17
2607,131,118
2608,131,6
2609,131,140
2610,131,94
2611,131,20
2612,131,28
2613,132,67
2614,132,59
2615,132,3
2616,132,94
2617,132,20
2618,132,85
2619,132,12
2620,132,17
2621,132,140
2622,132,19
2623,132,13
2624,132,64
2625,132,28
2626,132,2
2627,132,53
2628,132,56
2629,132,6
2630,132,202
2631,132,52
2632,133,4
2633,133,177
2634,133,47
2635,133,11
2636,133,1
2637,133,98
2638,133,14
2639,133,7
2640,133,89
2641,133,15
2642,133,35
2643,133,100
2644,133,65
2645,134,50
2646,134,25
2647,134,27
2648,134,22
2649,134,18
2650,134,1
2651,134,134
2652,134,149
2653,134,7
2654,134,115
2655,134,81
2656,134,4
2657,134,14
2658,134,23
2659,134,68
2660,135,10
2661,135,135
2662,135,82
2663,135,67
2664,135,2
2665,135,46
2666,135,58
2667,135,13
2668,137,51
2669,137,87
2670,137,137
2671,137,7
2672,137,4
2673,137,1
2674,137,18
2675,140,129
2676,140,6
2677,140,13
2678,140,48
2679,140,17
2680,140,34
2681,140,63
2682,140,36
2683,140,52
2684,140,19
2685,140,140
2686,140,67
2687,140,118
2688,140,3
2689,140,12
2690,140,2
2691,140,114
2692,140,53
2693,140,94
2694,140,28
2695,140,54
2696,140,64
2697,140,59
2698,140,56
2699,140,46
2700,140,20
2701,140,91
2702,140,10
2703,140,106
2704,140,9
2705,140,102
2706,140,95
2707,140,202
2708,140,151
2709,141,1
2710,141,5
2711,141,126
2712,141,7
2713,141,47
2714,141,18
2715,141,15
2716,141,68
2717,141,25
2718,141,112
2719,141,32
2720,141,14
2721,141,134
2722,141,109
2723,141,33
2724,141,11
2725,141,27
2726,141,4
2727,141,89
2728,141,22
2729,141,86
2730,141,0
2731,141,141
2732,141,23
2733,141,65
2734,141,60
2735,141,150
2736,141,66
2737,141,162
2738,141,8
2739,141,81
2740,141,177
2741,141,50
2742,141,200
2743,145,130
2744,148,1
2745,148,14
2746,148,15
2747,148,7
2748,148,22
2749,148,4
2750,149,7
2751,149,0
2752,149,4
2753,149,1
2754,149,50
2755,149,51
2756,149,14
2757,149,108
2758,149,109
2759,149,110
2760,149,47
2761,149,15
2762,149,149
2763,149,35
2764,149,32
2765,149,33
2766,149,65
2767,149,11
2768,150,4
2769,150,1
2770,150,47
2771,150,7
2772,150,141
2773,150,23
2774,150,32
2775,150,14
2776,150,5
2777,150,15
2778,150,25
2779,150,65
2780,150,26
2781,151,2
2782,151,94
2783,151,10
2784,151,3
2785,151,17
2786,151,34
2787,151,36
2788,151,13
2789,151,31
2790,151,151
2791,151,28
2792,151,56
2793,151,95
2794,151,118
2795,151,53
2796,151,63
2797,151,64
2798,151,19
2799,152,49
2800,152,16
2801,152,90
2802,152,152
2803,152,3
2804,152,95
2805,152,17
2806,152,19
2807,152,63
2808,152,64
2809,152,2
2810,152,28
2811,154,3
2812,154,95
2813,154,135
2814,154,118
2815,154,53
2816,154,56
2817,154,2
2818,155,1
2819,155,18
2820,155,134
2821,155,50
2822,155,15
2823,155,68
2824,155,7
2825,156,3
2826,156,132
2827,156,85
2828,156,56
2829,157,3
2830,157,28
2831,157,31
2832,157,2
2833,157,61
2834,157,13
2835,157,17
2836,158,107
2837,158,116
2838,158,17
2839,158,34
2840,158,158
2841,158,48
2842,158,64
2843,161,1
2844,161,86
2845,161,7
2846,161,30
2847,161,11
2848,161,88
2849,161,25
2850,161,89
2851,162,25
2852,162,22
2853,162,14
2854,162,15
2855,162,66
2856,162,98
2857,162,4
2858,162,141
2859,162,7
2860,162,109
2861,162,8
2862,162,162
2863,162,27
2864,162,47
2865,162,32
2866,162,51
2867,162,86
2868,166,27
2869,166,1
2870,166,5
2871,166,15
2872,166,162
2873,166,32
2874,167,4
2875,167,1
2876,167,27
2877,167,7
2878,167,30
2879,167,15
2880,167,35
2881,167,25
2882,167,68
2883,171,3
2884,171,58
2885,171,13
2886,171,95
2887,171,94
2888,171,67
2889,171,2
2890,171,12
2891,171,140
2892,177,23
2893,177,1
2894,177,7
2895,177,18
2896,177,86
2897,177,32
2898,177,5
2899,177,98
2900,180,81
2901,180,98
2902,180,126
2903,180,4
2904,180,15
2905,180,23
2906,180,1
2907,180,5
2908,180,65
2909,180,14
2910,181,171
2911,181,12
2912,181,3
2913,181,6
2914,181,181
2915,181,82
2916,181,102
2917,181,67
2918,181,52
2919,181,2
2920,181,140
2921,181,13
2922,182,47
2923,182,180
2924,182,27
2925,182,65
2926,182,100
2927,185,182
2928,185,15
2929,185,162
2930,185,98
2931,185,7
2932,185,51
2933,185,4
2934,185,26
2935,185,186
2936,186,124
2937,186,4
2938,186,25
2939,186,190
2940,187,102
2941,187,131
2942,189,192
2943,190,180
2944,190,81
2945,190,124
2946,190,4
2947,192,120
2948,192,67
2949,192,102
2950,192,17
2951,192,2
2952,192,64
2953,195,186
2954,200,110
2955,200,25
2956,200,11
2957,202,140
2958,202,10
2959,202,12
2960,202,53
2961,204,58
2962,204,56
2963,204,94
2964,204,2
2965,204,28
2966,208,3
2967,208,28
2968,208,129
2969,210,4
2970,210,57
2971,210,1
2972,210,27
2973,210,15
2974,210,25
2975,210,89
2976,210,7
2977,210,30
2978,210,141
2979,210,112
2980,212,12
2981,212,13
2982,212,6
2983,212,9
2984,212,10
2985,212,3
2986,217,2
2987,217,19
2988,217,63
2989,217,13
2990,217,152
2991,217,3
2992,217,28
2993,217,53
2994,218,94
2995,218,20
2996,218,31
2997,218,53
2998,218,12
2999,218,3
3000,218,59
3001,218,28
3002,218,2
3003,218,48
3004,219,67
3005,219,102
3006,220,65
3007,220,1
3008,220,11
3009,220,7
3010,220,47
3011,220,15
3012,220,14
3013,220,185
